Unnamed: 0,oid,expid,hjd,mjd,mag,magerr,catflags,filtercode,ra,dec,chi,sharp,filefracday,field,ccdid,qid,limitmag,magzp,magzprms,clrcoeff,clrcounc,exptime,airmass,programid
0,298109100007231,56047887,2458314.978871655,58314.4788773,19.1848145,0.0891600847,0,zg,32.9572895,-15.971896,0.852999985,0.0320000015,20180715478866,298,0x9,0x1,20.8299999,25.6115036,0.039834287,0.00442024972,5.9193284e-05,30,2.29900002,1
1,298109100007231,56944068,2458323.9414534112,58323.4406829,19.1917858,0.0896162093,0,zg,32.9573083,-15.9718565,0.593999982,0.0199999996,20180724440683,298,0x9,0x1,20.6800003,25.8253136,0.0414746441,-0.00313285319,6.99484735e-05,30,2.58500004,1
2,298109100007231,57648062,2458330.981996435,58330.480625,18.8419418,0.0692252368,0,zg,32.9574427,-15.9720656,0.693000019,0.0649999976,20180731480579,298,0x9,0x1,19.7399998,25.9472561,0.0435020179,-0.0301652923,0.000134847942,30,1.79799998,1
3,298109100007231,57946324,2458333.964862204,58333.4632407,19.2730141,0.09508349,0,zg,32.9573395,-15.9719957,1.08200002,-0.204999998,20180803463148,298,0x9,0x1,19.7600002,25.9474316,0.0511509515,-0.00141885376,0.00016772635,30,1.86899996,1
4,298109100007231,58843847,2458342.940822032,58342.4384722,19.2281532,0.0920292363,0,zg,32.9573175,-15.9718472,1.24399996,0.159999996,20180812438322,298,0x9,0x1,21.0599995,25.7802296,0.0351372622,-0.00843383279,4.38846037e-05,30,1.88199997,1
5,298109100007231,59141857,2458345.921157831,58345.4185764,19.0795746,0.0825245827,0,zg,32.9572823,-15.9718945,1.31299996,0.0419999994,20180815418565,298,0x9,0x1,20.7900009,25.844162,0.0369965136,-0.00819994602,5.07377044e-05,30,1.99699998,1
6,298109100007231,59143474,2458345.9373280755,58345.4347454,19.1546497,0.0872102603,0,zg,32.9573329,-15.9717658,0.703999996,0.0340000018,20180815434734,298,0x9,0x1,21.0,25.8947468,0.0359392315,-0.0090569118,4.24730679e-05,30,1.85000002,3
7,298109100007231,59347802,2458347.9807587424,58347.4780208,19.3409462,0.0998714715,0,zg,32.9573418,-15.9719105,1.61000001,0.194999993,20180817478009,298,0x9,0x1,21.6700001,26.0370502,0.0272709467,-0.0471769609,2.45132996e-05,30,1.62699997,3
8,298109100007231,59543763,2458349.940522822,58349.4376389,19.2827721,0.0957592279,0,zg,32.9573046,-15.9718655,1.15999997,0.0900000036,20180819437639,298,0x9,0x1,21.6700001,26.0362377,0.0296902843,-0.0488627777,2.78809002e-05,30,1.76199996,3
9,298109100007231,59644292,2458350.945885864,58350.4429282,19.3553295,0.100910239,0,zg,32.9573478,-15.9718887,1.43499994,0.256000012,20180820442917,298,0x9,0x1,21.5599995,26.0199718,0.0299962182,-0.0234445296,2.85048372e-05,30,1.72000003,3
10,298109100007231,59745585,2458351.958887658,58351.4558565,19.2572269,0.0939988941,0,zg,32.9573087,-15.9718857,1.79499996,0.245000005,20180821455856,298,0x9,0x1,21.8799992,26.0460835,0.0277234875,-0.0486411117,2.50100402e-05,30,1.65900004,1
11,298109100007231,59745862,2458351.9616540563,58351.4586227,19.3386574,0.0997069851,0,zg,32.9573341,-15.9718686,1.50899994,0.207000002,20180821458611,298,0x9,0x1,21.8500004,26.0425167,0.0267111361,-0.0412145033,2.35686985e-05,30,1.64999998,3
12,298109100007231,59837453,2458352.8776340177,58352.374537,19.4680061,0.10934604,0,zg,32.9574467,-15.971928,0.556999981,0.193000004,20180822374537,298,0x9,0x1,20.3500004,25.8600292,0.0400414728,0.000527394586,7.48412858e-05,30,2.35500002,3
13,298109100007231,60643945,2458360.943099803,58360.439456,19.0354061,0.0798783824,0,zg,32.9573329,-15.9718566,0.651000023,0.197999999,20180830439444,298,0x9,0x1,19.8899994,26.1351967,0.0393002592,-0.0119225373,8.99238657e-05,30,1.597,3
14,298109100007231,60745527,2458361.9589861054,58361.4552778,19.2241573,0.0917613432,0,zg,32.9573984,-15.9717398,0.625999987,-0.063000001,20180831455266,298,0x9,0x1,20.2800007,26.1496811,0.038014438,-0.0220701508,6.5982058e-05,30,1.56900001,3
15,298109100007231,60745620,2458361.9599120687,58361.4562037,19.399847,0.104180418,0,zg,32.957323,-15.9719265,1.34000003,0.407999992,20180831456192,298,0x9,0x1,20.3099995,26.153429,0.0415254645,-0.0224182419,7.57942325e-05,30,1.56900001,1
16,298109100007231,60848462,2458362.9884022083,58362.4846296,19.1870213,0.0893042386,0,zg,32.9573794,-15.9718823,0.802999973,0.0320000015,20180901484606,298,0x9,0x1,20.4500008,26.1490669,0.0358092189,-0.0343973562,5.40168148e-05,30,1.58500004,3
17,298109100007231,61041763,2458364.9215292814,58364.4176389,19.3166561,0.0981370062,0,zg,32.9575035,-15.9718861,1.01300001,0.144999996,20180903417558,298,0x9,0x1,20.5100002,26.0420818,0.0432589315,-0.0206155814,7.59481918e-05,30,1.62699997,1
18,298109100007231,61042895,2458364.932849374,58364.4289583,19.1091728,0.0843435302,0,zg,32.9573643,-15.9719109,0.561999977,-0.0280000009,20180903428947,298,0x9,0x1,20.5,26.0318909,0.0390371457,-0.00613653334,6.05819514e-05,30,1.59599996,3
19,298109100007231,61142020,2458365.924158232,58365.4202083,19.0871372,0.0829858333,0,zg,32.9573234,-15.9718687,0.80400002,0.107000001,20180904420197,298,0x9,0x1,21.2000008,26.119751,0.0338024199,-0.0407907255,3.69582267e-05,30,1.61099994,3
20,298109100007231,61245035,2458366.9543687734,58366.4503588,19.2656364,0.0945752859,0,zg,32.9573299,-15.9718375,0.855000019,0.120999999,20180905450347,298,0x9,0x1,21.5,26.1461735,0.0304232314,-0.0505751036,2.89848231e-05,30,1.56599998,3
21,298109100007231,61344960,2458367.95367359,58367.4496065,19.3877125,0.103280857,0,zg,32.9572958,-15.9718462,1.03600001,0.116999999,20180906449595,298,0x9,0x1,21.7299995,26.1501293,0.029019868,-0.0777120069,2.61528639e-05,30,1.56599998,1
22,298109100007231,61345053,2458367.9545995407,58367.4505324,19.2804279,0.0955964774,0,zg,32.9573095,-15.9718804,1.51499999,0.224999994,20180906450521,298,0x9,0x1,21.7800007,26.1198444,0.0248138104,-0.0518124513,1.93675533e-05,30,1.56599998,3
23,298109100007231,61439747,2458368.901597116,58368.3974769,19.3133106,0.0979000181,0,zg,32.9573047,-15.9719258,0.643000007,-0.00700000022,20180907397477,298,0x9,0x1,21.3500004,26.15765,0.0385634303,-0.109657086,4.76036585e-05,30,1.66100001,3
24,298109100007231,61545703,2458369.961215412,58369.457037,19.2705078,0.0949106291,0,zg,32.9573174,-15.9718271,1.91199994,0.178000003,20180908457025,298,0x9,0x1,21.3899994,26.1441631,0.0308536142,-0.0838022679,3.02932258e-05,30,1.57299995,3
25,298109100007231,61645620,2458370.9604357826,58370.4562037,19.316349,0.0981151983,0,zg,32.9573077,-15.9718956,0.559000015,0.0160000008,20180909456181,298,0x9,0x1,21.5499992,26.1552391,0.0286309291,-0.06208428,2.60413781e-05,30,1.57500005,1
26,298109100007231,61841751,2458372.9218455865,58372.4175116,19.2550163,0.0938479006,0,zg,32.9572748,-15.9718079,1.14199996,-0.0759999976,20180911417454,298,0x9,0x1,21.4099998,26.1730919,0.0310219601,-0.0732821003,2.99559179e-05,30,1.57799995,3
27,298109100007231,61941299,2458373.9173816205,58373.4129977,19.3364372,0.0995475724,0,zg,32.957353,-15.9719033,0.236000001,0.0469999984,20180912412986,298,0x9,0x1,21.3600006,26.1300945,0.0327738635,-0.0503850169,3.31175906e-05,30,1.58000004,3
28,298109100007231,61941482,2458373.9192104125,58373.4148264,19.309309,0.0976173058,0,zg,32.9573443,-15.9718828,1.09899998,0.0419999994,20180912414815,298,0x9,0x1,21.5300007,26.1489677,0.0306417011,-0.071671702,2.91211963e-05,30,1.57700002,1
29,298109100007231,62041793,2458374.9223728995,58374.4179398,19.1792831,0.0887996554,0,zg,32.9573857,-15.971793,0.635999978,0.0359999985,20180913417928,298,0x9,0x1,21.0,26.1501236,0.0318326801,-0.0316788629,3.48181893e-05,30,1.57099998,3
30,298109100007231,62245745,2458376.961982728,58376.4574537,19.1427155,0.0864495113,0,zg,32.9572756,-15.9718487,1.03999996,0.0109999999,20180915457454,298,0x9,0x1,21.3899994,26.1887627,0.0339491107,-0.0970139205,3.6143716e-05,30,1.61000001,3
31,298109100007231,62337642,2458377.8809941155,58377.3764236,19.2654419,0.0945619345,0,zg,32.9572844,-15.9718243,0.902999997,-0.0209999997,20180916376412,298,0x9,0x1,21.25,26.1378193,0.0322115831,-0.101908132,3.31895317e-05,30,1.64699996,3
32,298109100007231,62337733,2458377.8819085527,58377.377338,19.2056999,0.0905327722,0,zg,32.9573357,-15.9718781,0.976999998,0.108999997,20180916377326,298,0x9,0x1,21.5799999,26.1079483,0.0275774561,-0.0618645586,2.37236072e-05,30,1.64400005,1
33,298109100007231,62444099,2458378.945612636,58378.4409954,19.3463936,0.100263834,0,zg,32.9573284,-15.9718867,2.46000004,0.338999987,20180917440984,298,0x9,0x1,21.5599995,26.1490021,0.0298151728,-0.0512649268,2.76121882e-05,30,1.58500004,3
34,298109100007231,62544033,2458379.944995347,58379.4403356,19.3306942,0.0991363749,0,zg,32.9573417,-15.971917,0.950999975,0.119000003,20180918440336,298,0x9,0x1,21.5300007,26.1422577,0.0274946354,-0.0416835062,2.39437995e-05,30,1.58899999,3
35,298109100007231,62635562,2458380.8603225206,58380.355625,19.2978554,0.0968116745,32768,zg,32.9573271,-15.9719424,0.800000012,-0.0170000009,20180919355625,298,0x9,0x1,21.3799992,26.1786385,0.0361127965,-0.117232434,4.12033114e-05,30,1.70299995,1
36,298109100007231,62838271,2458382.887497171,58382.3827199,19.3563576,0.100984871,0,zg,32.9574064,-15.971877,0.958000004,0.127000004,20180921382720,298,0x9,0x1,20.6299992,26.0913544,0.0349869058,-0.0249473155,4.87967773e-05,30,1.59000003,3
37,298109100007231,62943565,2458383.940476221,58383.4356597,19.2478466,0.0933594555,0,zg,32.9573704,-15.971933,1.28400004,0.186000004,20180922435660,298,0x9,0x1,20.7099991,26.0863018,0.0363622867,-0.0317064449,5.26831936e-05,30,1.60300004,3
574,1341103100002310,63039533,2458384.9001865936,58384.3953356,18.6339054,0.0518829934,0,zg,32.9572411,-15.9719256,0.611000001,-0.061999999,20180923395336,1341,0x3,0x1,19.7999992,26.2061253,0.0446054153,-0.094868429,0.000148155668,30,1.46700001,2
38,298109100007231,63047528,2458384.9801431927,58384.4752894,18.6690178,0.0609305575,0,zg,32.9572499,-15.9719309,0.588,-0.128000006,20180923475289,298,0x9,0x1,20.0400009,26.0997181,0.0482764468,-0.0710782856,0.000134402304,30,1.79900002,3
39,298109100007231,63139401,2458385.8989017224,58385.3940162,19.1032524,0.0839767829,0,zg,32.9572579,-15.9719639,1.23099995,0.186000004,20180924394016,298,0x9,0x1,19.9500008,26.1347198,0.0436519943,-0.0439999588,0.000116897827,30,1.56700003,3
40,298109100007231,63246122,2458386.9661478074,58386.4612269,19.0379238,0.0800270438,0,zg,32.9571124,-15.9718013,0.384000003,-0.0430000015,20180925461227,298,0x9,0x1,19.4599991,26.1362724,0.048464492,-0.0729038492,0.000213373991,30,1.74199998,1
575,1341103100002310,63438113,2458388.886114876,58388.3811343,19.1957645,0.0774472505,0,zg,32.9574863,-15.9719376,0.703000009,0.142000005,20180927381134,1341,0x3,0x1,19.9500008,26.2577667,0.0388583019,-0.0710627139,0.000103806953,30,1.47099996,2
41,298109100007231,63537658,2458389.881595093,58389.3765856,19.0748692,0.0822388083,0,zg,32.9573369,-15.9719199,0.774999976,0.180999994,20180928376586,298,0x9,0x1,20.4300003,26.1573658,0.0349980555,-0.0507545993,5.81786444e-05,30,1.57099998,1
576,1341103100002310,63641000,2458390.9150380194,58390.41,19.2241783,0.0790129229,0,zg,32.9574173,-15.9719491,0.962000012,0.202999994,20180929409988,1341,0x3,0x1,20.3600006,26.2874832,0.0372023433,-0.0995548293,6.75812116e-05,30,1.46700001,2
42,298109100007231,64333759,2458397.8427820574,58397.3375926,18.9651127,0.0758332312,0,zg,32.9573152,-15.9718402,1.13999999,0.215000004,20181006337581,298,0x9,0x1,21.25,26.0463467,0.0386032537,-0.00704981387,4.83930016e-05,30,1.597,1
43,298109100007231,66940148,2458423.9065927737,58423.4014815,19.0575447,0.0811945722,0,zg,32.957256,-15.9719477,0.846000016,0.115999997,20181101401458,298,0x9,0x1,20.3400002,26.0762825,0.0420456901,-0.0370500423,8.32631558e-05,30,2.19300008,1
44,298109100007231,67231465,2458426.81969154,58426.3146528,19.423645,0.105962463,0,zg,32.95732,-15.9718943,1.77999997,0.331,20181104314641,298,0x9,0x1,21.25,25.9664135,0.0395379774,-0.0392700508,5.15196225e-05,30,1.63,1
45,298109100007231,67523482,2458429.7397797504,58429.2348264,19.3200455,0.0983775109,0,zg,32.9572978,-15.9719,1.28499997,0.149000004,20181107234815,298,0x9,0x1,21.3500004,26.105835,0.0356125161,-0.0259952955,4.12836052e-05,30,1.68299997,1
46,298109100007231,67824069,2458432.74554686,58432.2406944,19.2706223,0.0949185193,0,zg,32.9574504,-15.97199,0.582000017,0.0379999988,20181110240660,298,0x9,0x1,21.0300007,26.1406174,0.0357740782,-0.0772295073,4.36907721e-05,30,1.63800001,1
577,1341103100002310,68224835,2458436.7530544223,58436.2483565,19.0618706,0.0704313666,0,zg,32.9573909,-15.9716344,0.800999999,0.300000012,20181114248356,1341,0x3,0x1,19.8099995,26.1635075,0.0506521203,-0.0458922237,0.000158253752,30,1.50199997,2
47,298109100007231,68725180,2458441.75627954,58441.2518056,19.1920624,0.089634344,0,zg,32.9573058,-15.9718271,0.948000014,0.074000001,20181119251806,298,0x9,0x1,20.0,26.0688229,0.0431421399,-0.0430650748,0.000111452711,30,1.60099995,1
48,298109100007231,71516640,2458469.6690792,58469.1664005,19.219595,0.0914563313,0,zg,32.9573519,-15.97188,0.638999999,-0.115000002,20181217166400,298,0x9,0x1,20.2999992,26.0543976,0.0405541584,-0.0149658686,7.77110617e-05,30,1.60099995,1
49,298109100007231,72110550,2458475.6077119377,58475.1055093,19.3668194,0.101746388,0,zg,32.957329,-15.971967,0.625999987,0.0419999994,20181223104931,298,0x9,0x1,20.2399998,26.1457214,0.0449869186,-0.0629904345,0.000104151761,30,1.69799995,1
50,298109100007231,72814910,2458482.650718586,58482.1491088,18.9710541,0.0761673301,0,zg,32.9573818,-15.9717599,0.555000007,0.240999997,20181230149109,298,0x9,0x1,20.1399994,26.1456127,0.0449007303,-0.0463955961,0.000101308098,30,1.60899997,1
51,298109100007231,73314657,2458487.647749024,58487.1465741,19.207159,0.090629369,0,zg,32.9573364,-15.9719366,1.23399997,0.194999993,20190104146574,298,0x9,0x1,21.2000008,26.1431789,0.0328014418,-0.0469473004,3.48983958e-05,30,1.62699997,3
52,298109100007231,73716614,2458491.6669650697,58491.1661458,19.1136074,0.0846192166,0,zg,32.9574082,-15.9720187,1.12199998,0.0430000015,20190108166134,298,0x9,0x1,20.6000004,26.1249542,0.0427522585,-0.0456239618,7.20956741e-05,30,1.69400001,3
53,298109100007231,73716706,2458491.6678793733,58491.1670602,19.3150082,0.0980201885,0,zg,32.9571232,-15.9717936,1.01600003,0.118000001,20190108167049,298,0x9,0x1,20.5900002,26.1340485,0.0395063348,-0.044133462,6.56296543e-05,30,1.69799995,1
54,298109100007231,73916873,2458493.669379168,58493.1687384,19.0976486,0.0836309567,0,zg,32.9573785,-15.9718155,0.888999999,-0.00300000003,20190110168738,298,0x9,0x1,20.6399994,26.1048298,0.0393130705,-0.0320064202,6.05323476e-05,30,1.73800004,3
55,298109100007231,74012619,2458494.6267473088,58494.1261921,19.2085228,0.0907197297,0,zg,32.9572846,-15.9719,0.796000004,-0.0170000009,20190111125995,298,0x9,0x1,20.7900009,26.101408,0.0348341838,-0.0134426625,4.44391117e-05,30,1.58700001,1
56,298109100007231,75516971,2458509.6689236336,58509.1697106,19.0103302,0.0784120858,0,zg,32.9575685,-15.9718076,1.06099999,1.079,20190126169711,298,0x9,0x1,19.3199997,26.0342922,0.0410040729,-0.0437783338,0.000156551556,30,2.17400002,3
57,298109100007231,75616336,2458510.662493769,58510.1633681,18.9533806,0.0751776993,0,zg,32.9570716,-15.9718596,1.11099994,-0.152999997,20190127163356,298,0x9,0x1,19.6900005,25.7145481,0.0384475254,-0.0377537683,0.000114120463,30,2.12199998,3
58,298109100007231,94044027,2458694.9415398254,58694.4402778,19.1472435,0.0867374092,0,zg,32.9572928,-15.9718772,1.38100004,0.145999998,20190730440266,298,0x9,0x1,21.4599991,25.8499527,0.0507444851,-0.029524833,7.93375584e-05,30,2.23300004,3
59,298109100007231,94145874,2458695.9600982927,58695.45875,19.2245903,0.0917903185,0,zg,32.9573128,-15.9719032,1.19500005,0.150999993,20190731458750,298,0x9,0x1,21.5599995,25.9387188,0.035664659,-0.0499997027,3.9503826e-05,30,1.95500004,3
60,298109100007231,94446012,2458698.961727663,58698.4601273,19.1922131,0.0896442011,0,zg,32.957316,-15.9718778,0.779999971,0.0719999969,20190803460058,298,0x9,0x1,21.3400002,25.9479771,0.0315508284,-0.0407049768,3.13073979e-05,30,1.86399996,1
61,298109100007231,95245975,2458706.9620092707,58706.4597569,19.1929684,0.0896937922,0,zg,32.9572799,-15.9718831,0.832000017,-0.0419999994,20190811459757,298,0x9,0x1,21.5300007,26.0587807,0.0331400745,-0.0918646678,3.48601425e-05,30,1.71500003,1
62,298109100007231,95545603,2458709.958517489,58709.4560301,19.1810341,0.0889136195,0,zg,32.9573512,-15.9718759,0.449999988,-0.0869999975,20190814456019,298,0x9,0x1,20.2800007,26.03232,0.0380049273,-0.0143716522,6.46650078e-05,30,1.69200003,1
63,298109100007231,96046122,2458714.9640934854,58714.4612269,19.0716171,0.0820418447,0,zg,32.9572011,-15.9718598,0.66900003,0.158000007,20190819461227,298,0x9,0x1,20.1200008,26.075592,0.0378436819,-0.0839990824,7.72597195e-05,30,1.61699998,3
64,298109100007231,96548166,2458719.9848944563,58719.4816667,19.1837196,0.0890886784,32768,zg,32.9573177,-15.971887,0.903999984,0.0219999999,20190824481655,298,0x9,0x1,20.3500004,26.0952511,0.0469768755,-0.155780569,9.44106359e-05,30,1.56200004,1
65,298109100007231,96843870,2458722.9421341126,58722.4387037,19.1780815,0.0887215137,0,zg,32.95732,-15.9719037,1.92700005,0.200000003,20190827438704,298,0x9,0x1,21.5699997,25.9983921,0.0263500549,-0.0677585006,2.10760827e-05,30,1.61899996,1
66,298109100007231,97143891,2458725.9425396924,58725.438912,19.2157898,0.0912026018,0,zg,32.9573262,-15.9718873,0.797999978,0.0460000001,20190830438912,298,0x9,0x1,21.6499996,26.026186,0.0301037226,-0.0427472703,2.84733524e-05,30,1.59599996,1
67,298109100007231,97644163,2458730.9455682845,58730.4416319,19.158989,0.0874883607,0,zg,32.9573594,-15.9717924,0.827000022,0.268999994,20190904441632,298,0x9,0x1,20.7299995,25.970459,0.0409294777,-0.00130800949,5.95827514e-05,30,1.56900001,2
68,298109100007231,97839745,2458732.901503438,58732.3974537,19.2352314,0.0925054699,0,zg,32.95734,-15.9718932,1.41100001,0.164000005,20190906397454,298,0x9,0x1,21.5900002,25.9833622,0.0321201086,-0.0575462691,3.21141997e-05,30,1.67200005,1
69,298109100007231,98141938,2458735.9236030094,58735.4193866,19.2544708,0.0938106328,0,zg,32.9573172,-15.9718907,1.71599996,0.142000005,20190909419387,298,0x9,0x1,21.4300003,26.0001736,0.0283934101,-0.0277730767,2.52650116e-05,30,1.58000004,1
70,298109100007231,98441885,2458738.9232254634,58738.4188542,19.1632462,0.0877619684,0,zg,32.9573611,-15.9718306,0.419,0.057,20190912418854,298,0x9,0x1,20.1599998,26.0518303,0.0391415134,-0.0425505154,7.64568322e-05,30,1.57000005,1
71,298109100007231,98749797,2458742.002493352,58741.4979745,19.1068573,0.0841999352,0,zg,32.9574419,-15.9718434,0.736999989,-0.171000004,20190915497975,298,0x9,0x1,19.4500008,25.9643536,0.0542736016,-0.0629263595,0.000256014697,30,1.79499996,1
72,298109100007231,99331413,2458747.8188967244,58747.3141319,19.3256149,0.0987738073,0,zg,32.9573535,-15.9718511,0.796000004,-0.0979999974,20190921314120,298,0x9,0x1,20.25,25.8793793,0.0453178287,-0.00600719173,9.35040953e-05,30,1.98300004,1
578,1341103100002310,99543726,2458749.942112037,58749.4372685,19.2178898,0.0786641017,0,zg,32.957334,-15.9718349,0.550000012,-0.0179999992,20190923437269,1341,0x3,0x1,21.0,26.1278934,0.0316048153,-0.0969408676,3.48137401e-05,30,1.47800004,2
579,1341103100002310,99543771,2458749.942563455,58749.4377199,19.1962852,0.0774756521,0,zg,32.9572914,-15.971876,1.26900005,0.108000003,20190923437720,1341,0x3,0x1,21.0300007,26.1281128,0.036145404,-0.0962676108,4.4399083e-05,30,1.47899997,3
73,298109100007231,99635648,2458750.861357181,58750.3564815,19.1394558,0.0862427205,0,zg,32.9574588,-15.9719243,1.15699995,-0.00200000009,20190924356481,298,0x9,0x1,20.4799995,25.8798313,0.0428447649,-0.0628492907,7.65485238e-05,30,1.63800001,1
74,298109100007231,100239973,2458756.9047914725,58756.3997338,19.1143684,0.0846666619,0,zg,32.9572938,-15.9718831,0.578000009,-0.0419999994,20190930399734,298,0x9,0x1,20.8600006,26.0149269,0.0416830778,-0.0217255037,6.11740907e-05,30,1.57200003,1
75,298109100007231,100635515,2458760.8602988,58760.3551505,19.1602993,0.0875724778,0,zg,32.9573665,-15.9719537,1.27400005,0.0989999995,20191004355150,298,0x9,0x1,20.8799992,26.0177135,0.0401995927,-0.0238662194,5.69729164e-05,30,1.574,1
76,298109100007231,100939649,2458763.901695429,58763.3964931,19.0167007,0.0787821338,0,zg,32.9573452,-15.9718872,0.605000019,-0.0299999993,20191007396377,298,0x9,0x1,21.1800003,26.0304623,0.0303947013,-0.061947342,3.0567131e-05,30,1.602,1
580,1341103100002310,101237343,2458766.878679384,58766.3734375,19.1695099,0.0760244429,0,zg,32.9572808,-15.9718169,0.802999973,0.0700000003,20191010373438,1341,0x3,0x1,20.3199997,26.1486416,0.0394555926,-0.050698448,7.46289152e-05,30,1.45799994,2
77,298109100007231,101825848,2458772.7637646296,58772.2584838,18.8749313,0.0709362775,0,zg,32.9574469,-15.9720402,0.412,0.0850000009,20191016258472,298,0x9,0x1,18.8899994,25.7501545,0.0477541238,-0.0733431056,0.000364877866,30,1.86099994,1
78,298109100007231,102537479,2458779.880049481,58779.3747917,19.2927437,0.09645392,0,zg,32.9573229,-15.9718878,1.03900003,0.120999999,20191023374780,298,0x9,0x1,21.0200005,26.0230083,0.0435568504,-0.0720813572,6.34335447e-05,30,1.68099999,1
79,298109100007231,103132711,2458785.832297103,58785.3271181,19.2719288,0.0950086266,0,zg,32.9571203,-15.9719105,0.908999979,0.00700000022,20191029327118,298,0x9,0x1,20.6000004,26.0187969,0.040938504,-0.0780102685,6.44963657e-05,30,1.58200002,1
80,298109100007231,103534010,2458789.8451996874,58789.3401042,19.1325321,0.0858050734,0,zg,32.9572853,-15.971832,1.25100005,0.104999997,20191102340104,298,0x9,0x1,20.5,26.009264,0.0359696932,-0.0461087748,5.26213989e-05,30,1.64900005,1
81,298109100007231,105119025,2458805.6947910865,58805.1902546,19.2326756,0.0923332721,0,zg,32.9573707,-15.9718518,1.23000002,0.140000001,20191118190231,298,0x9,0x1,20.6100006,25.9194469,0.0433624461,-0.0454868115,7.12903056e-05,30,1.71099997,1
82,298109100007231,105815658,2458812.6607677466,58812.1565856,19.3363113,0.0995386094,0,zg,32.9572618,-15.9719283,1.24199998,0.148000002,20191125156586,298,0x9,0x1,21.0100002,25.9493561,0.0401573107,-0.0774595886,5.37447231e-05,30,1.80299997,1
83,298109100007231,108312679,2458837.6292595207,58837.126794,19.1951218,0.0898351744,0,zg,32.9574278,-15.9719597,0.524999976,0.0299999993,20191220126794,298,0x9,0x1,20.7299995,26.151125,0.0401121825,-0.0487960912,5.87055438e-05,30,1.61300004,1
84,298109100007231,109712707,2458851.628358549,58851.1270718,19.319418,0.0983329713,0,zg,32.9573924,-15.9716665,0.633000016,0.391000003,20200103127060,298,0x9,0x1,19.4500008,25.7085838,0.0505724661,-0.0498526283,0.000225728421,30,1.56200004,1
85,298109100007231,110109519,2458855.5970020737,58855.0951968,19.0488052,0.080672577,0,zg,32.9573358,-15.9718989,0.617999971,0.0270000007,20200107095197,298,0x9,0x1,20.3400002,28.1579742,0.041425582,-0.040660657,7.1093702e-05,180,1.57500005,2
86,298109100007231,110610414,2458860.60463454,58860.1041435,19.0842094,0.0828069896,0,zg,32.9573725,-15.9719757,0.944999993,0.115000002,20200112104144,298,0x9,0x1,20.1399994,26.1556091,0.0424079411,-0.0545432121,8.14187515e-05,30,1.56299996,1
87,298109100007231,110913337,2458863.6335993544,58863.1333796,19.0382786,0.080048047,0,zg,32.9572229,-15.9718928,1.09800005,-0.0240000002,20200115133310,298,0x9,0x1,20.7999992,26.1388988,0.0402433313,-0.0450411551,5.56853047e-05,30,1.63199997,1
88,298109100007231,111814868,2458872.648094832,58872.1486806,19.2031879,0.0903667137,0,zg,32.9572631,-15.9718512,0.948000014,0.119000003,20200124148681,298,0x9,0x1,20.8899994,26.1189079,0.0379404426,-0.0477098376,4.98315749e-05,30,1.86099994,1
89,298109100007231,112114928,2458875.6484317137,58875.1492824,19.245575,0.0932052135,0,zg,32.9572568,-15.971927,0.742999971,-0.0390000008,20200127149282,298,0x9,0x1,20.9799995,26.094326,0.0425579846,-0.0772643834,5.95403799e-05,30,1.94400001,1
90,298109100007231,112712833,2458881.626964136,58881.1283333,19.2036667,0.0903982967,0,zg,32.9571627,-15.9718718,0.726999998,0.0370000005,20200202128322,298,0x9,0x1,19.9400005,26.1333866,0.0471878126,-0.0230232086,0.000123474121,30,1.89900005,1
91,298109100007231,113109765,2458885.5959463706,58885.0976505,19.0049057,0.0780983269,0,zg,32.9573408,-15.9720726,0.616999984,0.0780000016,20200206097593,298,0x9,0x1,19.5100002,26.1138954,0.0414294377,-0.037958838,0.000137428171,30,1.74800003,1
92,298109100007231,113812283,2458892.620561946,58892.1228356,19.186142,0.0892468095,0,zg,32.9572891,-15.9719016,1.34099996,0.256999999,20200213122778,298,0x9,0x1,20.8400002,26.0279942,0.0346596316,-0.0366719961,4.46560734e-05,30,2.1960001,1
93,298109100007231,131046222,2459064.963884386,59064.4622222,18.9099274,0.072798118,0,zg,32.9572694,-15.9717426,0.739000022,-0.0329999998,20200803462222,298,0x9,0x1,19.3799992,26.133007,0.0407555625,-0.0223544165,0.000161836375,30,1.83000004,1
94,298109100007231,133044436,2459084.9475708543,59084.4443634,19.2798061,0.0955534205,0,zg,32.9572889,-15.971905,1.02699995,0.0839999989,20200823444352,298,0x9,0x1,21.4599991,26.0454807,0.0355266407,-0.0833285898,3.92725451e-05,30,1.62899995,1
581,1341103100002310,133044482,2459084.9480338814,59084.4448264,19.226059,0.0791174546,0,zg,32.9573559,-15.9718711,0.947000027,-0.0590000004,20200823444826,1341,0x3,0x1,21.5100002,26.169693,0.0304341614,-0.0779631138,3.04091591e-05,30,1.54200006,2
582,1341103100002310,133044528,2459084.948496919,59084.4452894,19.2682114,0.0814921856,0,zg,32.9572972,-15.9719008,0.851999998,0.0240000002,20200823445289,1341,0x3,0x1,21.4799995,26.1759281,0.0297868066,-0.0813205764,2.88196607e-05,30,1.53999996,3
583,1341103100002310,133742660,2459091.9302830654,59091.4266088,19.0222168,0.0684678555,0,zg,32.9573662,-15.9718962,1.10699999,-0.0480000004,20200830426609,1341,0x3,0x1,20.8799992,26.3278332,0.0336115323,-0.0732371211,4.10492466e-05,30,1.53900003,2
584,1341103100002310,133742707,2459091.9307460967,59091.4270718,19.1089821,0.0728318617,0,zg,32.9573402,-15.9718553,0.432999998,-0.0320000015,20200830427072,1341,0x3,0x1,20.9400005,26.3321457,0.0379193574,-0.081053406,4.93667394e-05,30,1.53699994,3
95,298109100007231,133742988,2459091.933558779,59091.4298843,19.098587,0.0836887658,0,zg,32.9573158,-15.9718468,1.34099996,0.231000006,20200830429873,298,0x9,0x1,20.9899998,26.2006645,0.0347019136,-0.0490398519,4.34317844e-05,30,1.61500001,1
585,1341103100002310,133843582,2459092.9395596324,59092.4358218,18.9591904,0.0654532984,0,zg,32.957342,-15.9719662,1.34899998,0.268000007,20200831435822,1341,0x3,0x1,20.4699993,26.2321301,0.0355970562,-0.0515292361,5.63022004e-05,30,1.50199997,2
586,1341103100002310,133843628,2459092.9400225584,59092.4362847,19.1445789,0.0746946409,0,zg,32.9573843,-15.9719259,0.83099997,0.197999999,20200831436285,1341,0x3,0x1,20.3199997,26.2616787,0.041344326,-0.0584216565,8.06866665e-05,30,1.50100005,3
96,298109100007231,133845134,2459092.955081409,59092.4513426,18.998848,0.0777493045,0,zg,32.957302,-15.9718912,0.312000006,0.057,20200831451331,298,0x9,0x1,20.2700005,26.1372929,0.0466972142,-0.0233681146,9.65339277e-05,30,1.56799996,1
97,298109100007231,134539706,2459099.901207152,59099.3970602,18.8835011,0.0713877305,0,zg,32.9573328,-15.971927,1.40499997,0.115000002,20200907397060,298,0x9,0x1,19.75,25.9675159,0.0442042798,-0.0142657766,0.000134607049,30,1.653,1
98,298109100007231,135437429,2459108.878886063,59108.374294,19.2428818,0.0930225179,32768,zg,32.9572946,-15.9718868,0.456,-0.0340000018,20200916374282,298,0x9,0x1,20.9699993,25.4760456,0.0498493873,-0.0687824115,9.24218039e-05,30,1.64600003,1
99,298109100007231,135735809,2459111.862807814,59111.3580903,19.2286797,0.0920646191,0,zg,32.9573021,-15.9719027,1.10699999,0.0939999968,20200919358079,298,0x9,0x1,21.2399998,25.9059887,0.0423390903,-0.0667392164,5.8260106e-05,30,1.67999995,1
100,298109100007231,136231109,2459116.8159988434,59116.3110995,19.2877235,0.0961035937,0,zg,32.9572595,-15.9718836,0.833999991,-0.0120000001,20200924311100,298,0x9,0x1,21.3999996,25.9907169,0.0373541862,-0.0541857146,4.34039648e-05,30,1.90900004,1
101,298109100007231,136342054,2459117.925479479,59117.420544,19.324379,0.0986857265,0,zg,32.9573045,-15.9718994,1.87899995,0.197999999,20200925420544,298,0x9,0x1,21.6200008,26.1260166,0.0378533266,-0.0836256072,4.41135962e-05,30,1.58599997,1
102,298109100007231,136443938,2459118.9443537137,59118.4393866,19.2986565,0.096867837,0,zg,32.9573332,-15.9719004,0.910000026,0.104000002,20200926439190,298,0x9,0x1,21.6700001,26.1837234,0.0420480594,-0.0951067731,5.56897394e-05,30,1.64999998,1
103,298109100007231,136535512,2459119.8601216087,59119.3551273,19.2675667,0.0947080851,0,zg,32.9572922,-15.9718231,1.03400004,0.192000002,20200927354641,298,0x9,0x1,20.8400002,26.1545181,0.0359086692,-0.039434161,4.50402404e-05,30,1.61000001,1
587,1341103100002310,136635960,2459120.8646292742,59120.3596065,19.1985703,0.0776006207,0,zg,32.9573091,-15.9718432,0.423999995,0.0799999982,20200928359606,1341,0x3,0x1,20.5200005,26.2706604,0.0343818218,-0.0518158898,5.22145929e-05,30,1.50100005,2
588,1341103100002310,136636054,2459120.865566802,59120.360544,19.3673649,0.08730793,0,zg,32.9572578,-15.9718663,0.561999977,0.0680000037,20200928360544,1341,0x3,0x1,20.5499992,26.2706413,0.0378302224,-0.0617184415,6.02008367e-05,30,1.49899995,3
589,1341103100002310,136738368,2459121.8887309176,59121.3836806,19.3733597,0.0876697525,0,zg,32.9573692,-15.9718656,0.407000005,-0.00200000009,20200929383681,1341,0x3,0x1,20.1599998,26.272543,0.0453937165,-0.0705047324,0.000109893372,30,1.45799994,2
590,1341103100002310,136738415,2459121.8892054367,59121.3841551,19.2855797,0.0824877694,0,zg,32.9571486,-15.9719546,0.537999988,0.0430000015,20200929384155,1341,0x3,0x1,20.2399998,26.2707176,0.0383646972,-0.0575956963,7.42380726e-05,30,1.45799994,3
104,298109100007231,137139210,2459125.8972501247,59125.3921065,19.1327686,0.085820049,0,zg,32.9573031,-15.9717863,0.188999996,0.0839999989,20201003392106,298,0x9,0x1,19.7600002,26.131815,0.0421154387,-0.0244298317,0.000110544177,30,1.57500005,3
105,298109100007231,137431552,2459128.8207176817,59128.3155208,19.2565594,0.0939532667,0,zg,32.9573075,-15.9719142,0.870000005,0.261999995,20201006315509,298,0x9,0x1,19.9799995,25.9812489,0.0425392427,-0.0353678018,0.000104781509,30,1.66600001,1
591,1341103100002310,137434288,2459128.8480792246,59128.3428819,19.1383934,0.0743679106,32768,zg,32.9573251,-15.9720561,1.26999998,0.0879999995,20201006342870,1341,0x3,0x1,19.9300003,25.9777031,0.0459740572,-0.0820425153,0.000136596907,30,1.49100006,2
592,1341103100002310,137434521,2459128.8504172624,59128.3452199,19.2073708,0.078083545,0,zg,32.9574897,-15.9719029,0.123999998,0.0270000007,20201006345208,1341,0x3,0x1,20.0400009,26.0311184,0.0440417901,-0.0644860342,0.000119161632,30,1.48599994,3
106,298109100007231,137534903,2459129.854252106,59129.3490394,19.2093945,0.0907775238,0,zg,32.9573354,-15.9718844,1.04999995,0.164000005,20201007349028,298,0x9,0x1,20.7900009,26.1792221,0.0341067761,-0.0409754328,4.51074593e-05,30,1.57200003,3
593,1341103100002310,137537158,2459129.8767986363,59129.3715856,19.2336082,0.0795384347,0,zg,32.9573111,-15.9718806,0.555999994,0.112999998,20201007371586,1341,0x3,0x1,20.8199997,26.284565,0.0302951075,-0.0746478513,3.31084957e-05,30,1.45700002,2
594,1341103100002310,137537740,2459129.88262052,59129.3774074,19.203968,0.0778964907,0,zg,32.9573225,-15.9718939,1.20299995,0.188999996,20201007377407,1341,0x3,0x1,20.8099995,26.2951145,0.0313988104,-0.078155078,3.56796663e-05,30,1.45899999,3
107,298109100007231,137637471,2459130.879937432,59130.3747106,19.2498894,0.0934984162,0,zg,32.9572709,-15.9718807,0.400999993,0.0500000007,20201008374711,298,0x9,0x1,20.8799992,26.1905365,0.0345031247,-0.0509970523,4.23189122e-05,30,1.57299995,1
595,1341103100002310,137639170,2459130.896928445,59130.3917014,19.0963097,0.0721789449,0,zg,32.9573849,-15.971913,0.722000003,-0.00300000003,20201008391701,1341,0x3,0x1,20.8099995,26.3183098,0.0320016183,-0.0694276467,3.59836304e-05,30,1.47599995,2
596,1341103100002310,137639216,2459130.8973914487,59130.3921644,19.0765972,0.0711738467,0,zg,32.9573931,-15.9719763,0.556999981,0.0379999988,20201008392164,1341,0x3,0x1,20.7000008,26.3134346,0.0325630233,-0.0748387799,4.02203113e-05,30,1.477,3
108,298109100007231,137733479,2459131.840030316,59131.3347917,19.0591545,0.0812911242,0,zg,32.9573912,-15.9718922,0.49000001,0.00600000005,20201009334792,298,0x9,0x1,20.5400009,25.8666935,0.0364494994,-0.0305067245,5.42967609e-05,30,1.58399999,3
597,1341103100002310,137739604,2459131.901281025,59131.3960417,19.0529327,0.0699843019,32768,zg,32.957324,-15.9718592,0.978999972,0.134000003,20201009396042,1341,0x3,0x1,20.4200001,25.6546593,0.0709322169,-0.0287971776,0.000234254709,30,1.48899996,2
109,298109100007231,138027730,2459134.782569295,59134.2773032,19.1087608,0.0843180045,0,zg,32.9572553,-15.9718484,0.56400001,0.00200000009,20201012277303,298,0x9,0x1,20.8700008,26.0797043,0.0425613411,-0.0665281713,6.32041847e-05,30,1.78699994,1
110,298109100007231,138027824,2459134.7835067967,59134.2782407,19.1136169,0.0846198201,0,zg,32.9573114,-15.9719338,0.773999989,0.00200000009,20201012278241,298,0x9,0x1,20.7800007,26.0705853,0.0445426702,-0.0575058684,7.67736492e-05,30,1.78100002,3
598,1341103100002310,138128673,2459135.7920086053,59135.2867361,19.3170242,0.0843153745,0,zg,32.9573575,-15.9718971,0.675999999,0.0909999982,20201013286736,1341,0x3,0x1,21.6399994,26.2572651,0.0291481111,-0.0932570845,2.84467842e-05,30,1.63199997,2
111,298109100007231,138129642,2459135.8016961645,59135.2964236,19.2369537,0.0926216841,0,zg,32.9573184,-15.9719015,1.574,0.178000003,20201013296424,298,0x9,0x1,21.6499996,26.1275425,0.0366716497,-0.0809903294,4.25939943e-05,30,1.66600001,3
599,1341103100002310,138130063,2459135.805909192,59135.3006366,19.237299,0.0797449425,0,zg,32.9572985,-15.9718679,0.954999983,0.00800000038,20201013300637,1341,0x3,0x1,21.5900002,26.2656784,0.0298427809,-0.0975394472,2.98081031e-05,30,1.56400001,3
112,298109100007231,138239620,2459136.901481467,59136.3962037,19.4035625,0.104457118,0,zg,32.9573081,-15.9718901,1.60500002,0.254000008,20201014396204,298,0x9,0x1,21.6299992,26.1917286,0.0312511139,-0.0748068988,3.05441245e-05,30,1.67799997,3
600,1341103100002310,138243371,2459136.9389931946,59136.4337153,19.2345753,0.0795924962,0,zg,32.9572783,-15.9718866,0.97299999,0.127000004,20201014433715,1341,0x3,0x1,21.5599995,26.2586689,0.02848606,-0.0611035638,2.61680034e-05,30,1.72000003,2
601,1341103100002310,138243418,2459136.939467694,59136.4341898,19.160656,0.0755497664,0,zg,32.957321,-15.9719023,0.441000015,0.0460000001,20201014434190,1341,0x3,0x1,21.5,26.2452793,0.0272195265,-0.0447687767,2.443427e-05,30,1.72300005,3
113,298109100007231,138340321,2459137.908498498,59137.4032176,19.3106918,0.0977149457,0,zg,32.9573257,-15.9718848,0.73299998,0.00800000038,20201015402998,298,0x9,0x1,21.2600002,26.0669727,0.0359026231,-0.0643208474,4.07052721e-05,30,1.72800004,3
114,298109100007231,138435714,2459138.862423643,59138.3571412,19.1793671,0.088805072,0,zg,32.9573144,-15.9719182,1.07700002,0.103,20201016357141,298,0x9,0x1,20.7800007,26.1165733,0.0400399454,-0.0482180305,5.5727447e-05,30,1.579,3
115,298109100007231,138435901,2459138.8642986445,59138.3590162,19.2923031,0.0964231044,0,zg,32.9573014,-15.9719218,0.713,0.0280000009,20201016359016,298,0x9,0x1,20.9400005,26.1178207,0.0389586166,-0.0512364283,5.20895555e-05,30,1.58099997,1
116,298109100007231,138539505,2459139.9003404146,59139.3950579,19.3037338,0.0972244442,32768,zg,32.9574001,-15.9719003,0.637000024,0.0689999983,20201017395058,298,0x9,0x1,20.7900009,25.5343113,0.039435029,-0.0474032499,5.81860077e-05,30,1.71399999,3
117,298109100007231,138630111,2459140.8063923414,59140.3011111,19.3624763,0.101429716,0,zg,32.9572857,-15.9718241,1.50899994,0.160999998,20201018301111,298,0x9,0x1,21.5900002,26.1267014,0.0407327861,-0.0946903601,5.28097553e-05,30,1.60399997,3
118,298109100007231,138630392,2459140.809204832,59140.3039236,19.2712021,0.0949584544,0,zg,32.9573176,-15.9719054,1.83700001,0.264999986,20201018303912,298,0x9,0x1,21.6100006,26.1044979,0.0336257294,-0.0717675909,3.57600147e-05,30,1.597,1
602,1341103100002310,138630818,2459140.8134641256,59140.3081829,19.3080673,0.083791472,0,zg,32.9572906,-15.9718864,1.23899996,0.138999999,20201018308183,1341,0x3,0x1,21.6299992,26.253067,0.0277666561,-0.0875850022,2.58720465e-05,30,1.49600005,2
603,1341103100002310,138630865,2459140.813938624,59140.3086574,19.2420673,0.080012396,0,zg,32.9573553,-15.9718758,1.57099998,0.162,20201018308646,1341,0x3,0x1,21.5799999,26.2420959,0.0264492147,-0.0720688775,2.36332889e-05,30,1.49399996,3
119,298109100007231,138730322,2459141.808507551,59141.3032292,19.4187832,0.105596468,0,zg,32.9573224,-15.9718808,1.48899996,0.223000005,20201019302986,298,0x9,0x1,21.6100006,26.1083832,0.0365982279,-0.0890824944,4.35927977e-05,30,1.59200001,3
604,1341103100002310,138731217,2459141.8174542217,59141.3121759,19.2059231,0.0780038834,32768,zg,32.9572631,-15.9718792,1.16900003,0.0120000001,20201019312176,1341,0x3,0x1,21.2999992,26.0993099,0.0685712695,-0.0841133744,0.000161718635,30,1.48099995,2
605,1341103100002310,138731263,2459141.817917217,59141.3126389,19.2917862,0.0828459039,0,zg,32.9573577,-15.9719057,1.24100006,0.129999995,20201019312639,1341,0x3,0x1,21.3999996,26.1623993,0.0530217104,-0.0999688804,9.41394828e-05,30,1.48099995,3
120,298109100007231,138838098,2459142.886257316,59142.3809838,19.3451729,0.100175798,0,zg,32.9573009,-15.9719559,1.49300003,0.164000005,20201020380984,298,0x9,0x1,21.5599995,26.1697845,0.0393120199,-0.0878285468,4.90628372e-05,30,1.68099999,3
606,1341103100002310,138937285,2459143.8781263023,59143.3728588,19.2190971,0.0787309185,0,zg,32.9572971,-15.9718848,0.86500001,0.0399999991,20201021372859,1341,0x3,0x1,21.5900002,26.3511066,0.0324012637,-0.100197755,3.35786608e-05,30,1.50800002,2
607,1341103100002310,138937333,2459143.8786007985,59143.3733333,19.226532,0.0791437998,0,zg,32.9573241,-15.971882,1.43799996,0.148000002,20201021373322,1341,0x3,0x1,21.7900009,26.3175449,0.0280769598,-0.0915228128,2.53081143e-05,30,1.50899994,3
608,1341103100002310,139034587,2459144.851139739,59144.3458796,19.1023006,0.0724869147,0,zg,32.9572973,-15.971866,0.657999992,0.0109999999,20201022345880,1341,0x3,0x1,21.9799995,26.2894669,0.0294941626,-0.108349293,2.7647955e-05,30,1.46000004,2
609,1341103100002310,139034634,2459144.851602735,59144.3463426,19.0847969,0.0715903342,0,zg,32.9573152,-15.9718705,1.03299999,0.0719999969,20201022346343,1341,0x3,0x1,22.0,26.289814,0.0281755514,-0.100201011,2.49955774e-05,30,1.46099997,3
121,298109100007231,139036237,2459144.867632698,59144.3623727,19.2141914,0.0910961777,32768,zg,32.9573471,-15.9718755,0.856999993,0.128999993,20201022362361,298,0x9,0x1,21.8700008,25.9317608,0.0468051881,-0.114698701,6.9079535e-05,30,1.62300003,1
610,1341103100002310,139124635,2459145.751606205,59145.2463542,19.297718,0.0831893981,0,zg,32.9572871,-15.9718832,0.584999979,0.0140000004,20201023246354,1341,0x3,0x1,21.2299995,26.2818279,0.0331122056,-0.0954878777,3.57349381e-05,30,1.70899999,2
611,1341103100002310,139124681,2459145.7520691,59145.2468171,19.2021103,0.0777945817,0,zg,32.9573302,-15.9719011,1.24300003,0.0270000007,20201023246817,1341,0x3,0x1,21.2999992,26.2769794,0.0285521615,-0.0760881603,2.63840375e-05,30,1.70599997,3
122,298109100007231,139233504,2459146.840286871,59146.3350463,19.3405914,0.0998459458,32768,zg,32.9573043,-15.9719491,0.697000027,-0.00600000005,20201024335046,298,0x9,0x1,19.7000008,24.2562199,0.0688836202,-0.0270895734,0.000393104652,30,1.57099998,1
612,1341103100002310,139526761,2459149.7728164364,59149.2676157,19.1326981,0.0740682483,0,zg,32.9575687,-15.9721483,0.949999988,0.412999988,20201027267581,1341,0x3,0x1,19.25,26.2475395,0.0418918207,-0.0495833047,0.000201888019,30,1.53799999,2
123,298109100007231,139725350,2459151.7586733066,59151.2535069,18.9963188,0.0776040182,0,zg,32.9572779,-15.9718672,0.728999972,0.0109999999,20201029253507,298,0x9,0x1,19.6499996,26.2254715,0.0347129777,-0.0372715704,8.80866501e-05,30,1.65499997,1
613,1341103100002310,139727393,2459151.7791012274,59151.2739352,19.0775833,0.0712238178,0,zg,32.9572179,-15.971922,0.714999974,0.145999998,20201029273935,1341,0x3,0x1,19.9799995,26.3543186,0.041148223,-0.0491140597,9.43952546e-05,30,1.5,2
614,1341103100002310,139727533,2459151.780501602,59151.2753356,19.2135181,0.0784223154,0,zg,32.9573813,-15.9719131,0.792999983,0.0920000002,20201029275336,1341,0x3,0x1,19.9799995,26.3270645,0.0367713645,-0.0431604311,8.11254649e-05,30,1.49699998,3
124,298109100007231,139924616,2459153.7512949966,59153.246169,19.2749615,0.095218055,0,zg,32.9574694,-15.9719947,0.83099997,-0.254999995,20201031246157,298,0x9,0x1,19.6200008,26.2165184,0.040532317,-0.0294994097,0.000125394508,30,1.66299999,1
125,298109100007231,140234069,2459156.8457459463,59156.3406944,19.3380184,0.0996610969,0,zg,32.9573992,-15.9719238,0.754999995,0.239999995,20201103340359,298,0x9,0x1,19.9300003,26.2396793,0.0382294059,-0.0397669896,7.61769916e-05,30,1.66600001,1
126,298109100007231,140428873,2459158.7937358343,59158.2887384,19.1226444,0.0851836354,0,zg,32.9573368,-15.9718602,0.584999979,-0.0799999982,20201105288738,298,0x9,0x1,20.1900005,26.2228737,0.0538970865,-0.0452897996,0.000142116449,30,1.55900002,1
615,1341103100002310,140429798,2459158.8029832565,59158.2979861,19.2677345,0.0814649984,0,zg,32.957152,-15.9719617,0.273999989,-0.0390000008,20201105297963,1341,0x3,0x1,19.75,26.3093204,0.0457431301,-0.049923826,0.000138444288,30,1.45299995,2
616,1341103100002310,140429846,2459158.80345775,59158.2984606,18.9502258,0.0650350302,0,zg,32.9573303,-15.9718584,1.13699996,-0.0329999998,20201105298449,1341,0x3,0x1,20.2000008,26.2990265,0.0428314842,-0.0333191007,8.70985532e-05,30,1.45299995,3
127,298109100007231,141119197,2459165.696740491,59165.1919792,19.0736523,0.0821650401,0,zg,32.9573138,-15.9718631,0.924000025,-0.105999999,20201112191979,298,0x9,0x1,20.9599991,26.1642532,0.036339879,-0.0514620133,4.57578244e-05,30,1.78400004,1
617,1341103100002310,141120601,2459165.7107792483,59165.2060185,19.2434158,0.0800881684,0,zg,32.9572959,-15.9718774,1.41999996,0.0790000036,20201112206019,1341,0x3,0x1,21.3799992,26.3373241,0.0290069077,-0.0943615362,2.71708686e-05,30,1.61899996,2
618,1341103100002310,141120648,2459165.71124223,59165.2064815,19.2557297,0.0807829052,0,zg,32.9573412,-15.9718929,0.656000018,0.0540000014,20201112206481,1341,0x3,0x1,21.4500008,26.330637,0.0284651089,-0.0829567239,2.56924777e-05,30,1.61600006,3
128,298109100007231,141332703,2459167.831711546,59167.327037,19.0394516,0.0801174194,0,zg,32.9573185,-15.9718814,0.836000025,0.133000001,20201114327037,298,0x9,0x1,20.4200001,26.2008686,0.0390796401,-0.043299824,6.59306897e-05,30,1.755,1
129,298109100007231,141421068,2459168.715319691,59168.2106829,19.3872795,0.103248879,0,zg,32.9573006,-15.9718262,0.816999972,0.144999996,20201115210683,298,0x9,0x1,21.2600002,26.2118931,0.0372821204,-0.0685112029,4.46539234e-05,30,1.64100003,1
619,1341103100002310,141423200,2459168.7366381707,59168.2320023,19.313139,0.0840877518,0,zg,32.9573307,-15.9719009,0.829999983,0.0480000004,20201115232002,1341,0x3,0x1,21.4699993,26.3618088,0.0273404419,-0.0726559088,2.39485798e-05,30,1.48899996,2
620,1341103100002310,141423247,2459168.737112752,59168.2324769,19.287405,0.0825929567,0,zg,32.9573266,-15.9718671,1.04900002,0.0329999998,20201115232477,1341,0x3,0x1,21.5499992,26.3620739,0.0282572042,-0.0867187828,2.57170814e-05,30,1.48800004,3
130,298109100007231,141624468,2459170.749233321,59170.2446875,19.3057289,0.0973648205,0,zg,32.9572554,-15.9718936,1.09899998,0.140000001,20201117244688,298,0x9,0x1,21.3500004,26.2155151,0.0332883671,-0.0739739835,3.5868994e-05,30,1.55900002,1
131,298109100007231,141823746,2459172.741916595,59172.2374653,19.2362671,0.0925753415,0,zg,32.9572675,-15.9719404,1.00199997,0.0340000018,20201119237442,298,0x9,0x1,21.1399994,26.2488441,0.037688978,-0.0809662715,4.64444565e-05,30,1.55999994,1
132,298109100007231,142021659,2459174.7209494654,59174.2165972,19.1944771,0.0897928774,32768,zg,32.95734,-15.9718974,1.20099998,-0.250999987,20201121216412,298,0x9,0x1,20.1700001,25.5728035,0.0359761156,-0.0153873814,6.54079195e-05,30,1.579,1
133,298109100007231,142417091,2459178.675053915,59178.1709144,19.0368958,0.0799663365,0,zg,32.9573517,-15.9718272,0.816999972,0.187999994,20201125170914,298,0x9,0x1,20.2900009,26.1973248,0.0417701751,-0.0308390651,8.09041594e-05,30,1.69599998,1
134,298109100007231,142818989,2459182.6937996903,59182.1898958,19.0169964,0.078799352,0,zg,32.9573226,-15.9716953,0.708999991,0.188999996,20201129189896,298,0x9,0x1,19.5900002,26.2323303,0.0435159728,-0.035880547,0.000154160036,30,1.58800006,1
135,298109100007231,143018929,2459184.6930737,59184.189294,19.0196075,0.0789515153,0,zg,32.9573848,-15.971959,0.643000007,-0.0299999993,20201201189294,298,0x9,0x1,19.8400002,26.2269726,0.0505512618,-0.0356164798,0.000156311871,30,1.579,1
136,298109100007231,143020228,2459184.706058984,59184.2022801,19.0296154,0.0795375183,0,zg,32.9573105,-15.9718544,0.948000014,0.00300000003,20201201202280,298,0x9,0x1,19.9200001,26.2210827,0.0371958949,-0.0569331683,8.67518029e-05,30,1.56200004,2
137,298109100007231,143023634,2459184.740119336,59184.2363426,19.1707611,0.0882468596,0,zg,32.9574848,-15.9718984,0.499000013,-0.127000004,20201201236343,298,0x9,0x1,19.7399998,26.2181034,0.0395390503,-0.0450878479,0.00010916029,30,1.58000004,2
621,1341103100002310,143023920,2459184.7445404488,59184.2392014,19.2086334,0.0781530142,0,zg,32.9573866,-15.9718976,0.463,0.0299999993,20201201239155,1341,0x3,0x1,20.5200005,28.9356174,0.0337411463,-0.0723671019,4.05335559e-05,300,1.46300006,2
138,298109100007231,143111209,2459185.6158157466,59185.1120949,19.0486698,0.0806645453,0,zg,32.9573101,-15.971862,0.930000007,-0.157000005,20201202112095,298,0x9,0x1,20.0799999,26.092165,0.0383891724,-0.027869232,7.72053027e-05,30,2.01600003,2
622,1341103100002310,143123718,2459185.7424628367,59185.2371875,19.2466736,0.0802714825,32768,zg,32.9571643,-15.9718267,0.5,0.0469999984,20201202236991,1341,0x3,0x1,20.3999996,28.9148884,0.0363756418,-0.139708191,5.16727087e-05,300,1.46399999,2
139,298109100007231,143310766,2459187.6112524928,59187.107662,19.1101723,0.0844056308,0,zg,32.9573343,-15.9718979,0.36500001,0.0370000005,20201204107604,298,0x9,0x1,20.3899994,26.1250477,0.0462230295,-0.0405099504,9.38584926e-05,30,2.00399995,2
140,298109100007231,143319129,2459187.6948812725,59187.1912963,18.901104,0.0723241046,0,zg,32.9572407,-15.9718889,1.07700002,0.114,20201204191296,298,0x9,0x1,19.9699993,26.2257538,0.042864617,-0.021731779,0.000104502033,30,1.56400001,2
141,298109100007231,144016864,2459194.671742349,59194.1686458,18.8435173,0.0693059489,0,zg,32.9574281,-15.9719394,1.35699999,0.284999996,20201211168623,298,0x9,0x1,20.4599991,26.1998348,0.0400117561,-0.0584281869,6.85930208e-05,30,1.56799996,2
142,298109100007231,144022947,2459194.7325712736,59194.2294792,18.8141403,0.0678159595,0,zg,32.9572868,-15.9719269,0.61500001,0.0340000018,20201211229479,298,0x9,0x1,20.5699997,26.2052898,0.0520443544,-0.063780278,0.000106127474,30,1.63600004,2
143,298109100007231,144416870,2459198.671499677,59198.1687037,18.9995308,0.0777885839,0,zg,32.9572152,-15.9721199,0.799000025,0.0149999997,20201215168704,298,0x9,0x1,20.1499996,26.1126785,0.0447222255,-0.0494396687,9.87868334e-05,30,1.55900002,2
144,298109100007231,144818978,2459202.692260795,59202.1897801,19.1210136,0.0850815475,0,zg,32.9574008,-15.9719957,1.14600003,-0.0189999994,20201219189780,298,0x9,0x1,20.3400002,26.2199821,0.0373630673,-0.0560734048,6.45952678e-05,30,1.58500004,1
145,298109100007231,145023342,2459204.7357418034,59204.2334259,19.3514824,0.100631557,0,zg,32.9572413,-15.9719204,0.823000014,0.175999999,20201221233426,298,0x9,0x1,20.2999992,26.1760883,0.0429351702,-0.0262226053,8.09907069e-05,30,1.80700004,1
146,298109100007231,145618890,2459210.690721372,59210.1889005,19.43536,0.10684821,0,zg,32.9573681,-15.971936,0.287999988,-0.0209999997,20201227188900,298,0x9,0x1,20.0599995,26.2330189,0.0377814211,-0.0514088087,7.77595196e-05,30,1.648,1
147,298109100007231,146122540,2459215.72679303,59215.2254051,18.9004784,0.072290659,0,zg,32.9572165,-15.9721022,1.07099998,0.0689999983,20210101224919,298,0x9,0x1,19.4200001,26.1421089,0.0384009108,-0.0421682149,0.000143815239,30,2.0150001,2
148,298109100007231,146216953,2459216.6708426494,59216.169537,19.4889832,0.110973731,32768,zg,32.9574044,-15.9721589,0.49000001,-0.259000003,20210102169537,298,0x9,0x1,19.8400002,25.4416637,0.0509050936,-0.0463307537,0.000176911635,30,1.63699996,1
149,298109100007231,146519178,2459219.692822507,59219.1917824,19.1793652,0.0888049975,0,zg,32.957343,-15.9718916,0.879999995,0.0240000002,20210105191782,298,0x9,0x1,20.9300003,26.1327457,0.0316933356,-0.0516238064,3.66484564e-05,30,1.80200005,2
150,298109100007231,146614976,2459220.650723888,59220.1497685,19.17799,0.0887155533,0,zg,32.9573591,-15.9719162,0.893999994,0.115000002,20210106149769,298,0x9,0x1,20.9500008,26.1713219,0.0402224027,-0.0464053191,5.49947872e-05,30,1.60800004,1
151,298109100007231,146714773,2459221.6485983706,59221.1477315,19.5083637,0.112493113,32768,zg,32.957374,-15.9719676,0.439999998,-0.0900000036,20210107147731,298,0x9,0x1,20.1700001,25.3579998,0.0436304435,-0.0516976118,0.000109922905,30,1.61000001,2
152,298109100007231,146814826,2459222.6490418008,59222.1482639,19.2185249,0.0913848802,32768,zg,32.9573294,-15.9718673,0.80400002,0.143000007,20210108148264,298,0x9,0x1,20.4099998,25.5611362,0.0457726792,-0.0644963905,9.96726303e-05,30,1.62,1
153,298109100007231,147017209,2459224.6726922533,59224.1720949,19.2472839,0.0933212191,0,zg,32.9573307,-15.9719227,0.888000011,-0.0,20210110172095,298,0x9,0x1,20.1000004,26.1859169,0.0391919054,-0.0396902934,7.4186195e-05,30,1.75999999,1
154,298109100007231,147219289,2459226.693310011,59226.1928935,19.0519772,0.0808616728,0,zg,32.9572521,-15.9716702,0.888000011,0.293000013,20210112192894,298,0x9,0x1,19.9099998,26.1234169,0.0487140119,-0.0374385454,0.000136920018,30,1.98699999,1
155,298109100007231,147614746,2459230.6475272537,59230.1474653,19.3151321,0.0980289653,0,zg,32.9572413,-15.9719476,0.549000025,0.0610000007,20210116147269,298,0x9,0x1,20.5900002,26.2038116,0.0357692912,-0.067643106,4.94181368e-05,30,1.71000004,1
156,298109100007231,167443997,2459428.941532313,59428.4399769,19.2084255,0.0907132551,0,zg,32.9572959,-15.9719151,0.843999982,0.0780000016,20210802439977,298,0x9,0x1,20.8500004,25.9911575,0.0371289104,-0.0384415761,5.06904253e-05,30,2.08899999,1
157,298109100007231,167647048,2459430.972210491,59430.4704861,19.1901016,0.0895058215,0,zg,32.9572958,-15.9719049,0.991999984,0.114,20210804470474,298,0x9,0x1,21.0799999,26.0730209,0.0397298671,-0.0501474254,5.08882586e-05,30,1.75100005,1
158,298109100007231,168243885,2459436.9410640043,59436.4388542,18.3415375,0.0480553359,0,zg,32.9573316,-15.9718964,1.32000005,0.164000005,20210810438854,298,0x9,0x1,21.4500008,25.9190483,0.0422960185,-0.0811751187,5.74554506e-05,30,1.86500001,1
159,298109100007231,168544143,2459439.9438816826,59439.4414352,19.195961,0.0898903459,0,zg,32.9572669,-15.9719108,1.55499995,0.246000007,20210813441435,298,0x9,0x1,20.7999992,25.7346497,0.0443680137,-0.0436419696,7.7974255e-05,30,1.78100002,1
160,298109100007231,168846605,2459442.9687321195,59442.4660532,19.0570374,0.081164211,0,zg,32.9573318,-15.9719088,2.47300005,0.266000003,20210816466053,298,0x9,0x1,21.4400005,25.9369354,0.0390879251,-0.0774670467,4.88131773e-05,30,1.61800003,1
161,298109100007231,169043869,2459444.941519088,59444.4386921,19.1003265,0.0837960169,0,zg,32.9572338,-15.9719047,1.05700004,-0.0320000015,20210818438241,298,0x9,0x1,20.8099995,25.8433609,0.0477660485,-0.0733437315,8.2754028e-05,30,1.71300006,1
162,298109100007231,169943498,2459453.938450936,59453.4349884,19.1197777,0.0850042105,0,zg,32.9573328,-15.9720139,0.81099999,0.202999994,20210827434942,298,0x9,0x1,20.1200008,26.1982937,0.0430074595,-0.0331455618,9.53559938e-05,30,1.62199998,3
163,298109100007231,170039745,2459454.9009799766,59454.3974537,19.4915409,0.111173429,0,zg,32.9573805,-15.9718721,0.744000018,0.0189999994,20210828397442,298,0x9,0x1,20.6599998,26.1008339,0.0325734913,-0.036297325,4.03102458e-05,30,1.80299997,1
164,298109100007231,170041438,2459454.9179139966,59454.4143866,19.3844109,0.103037208,0,zg,32.9574287,-15.9719307,1.24100006,0.25999999,20210828414375,298,0x9,0x1,20.6399994,26.1278706,0.0365088135,-0.0443929099,5.54484832e-05,30,1.69700003,3
165,298109100007231,170541940,2459459.923253943,59459.4194097,19.2659988,0.0946002007,0,zg,32.9572963,-15.9719069,1.08700001,0.0710000023,20210902419410,298,0x9,0x1,21.2900009,26.1709499,0.0476903245,-0.0813671425,7.20753669e-05,30,1.61899996,3
166,298109100007231,170641730,2459460.921207528,59460.4173032,19.3516998,0.100647338,0,zg,32.9573056,-15.9719097,1.66100001,0.165999994,20210903417257,298,0x9,0x1,21.6700001,26.1709175,0.0365471989,-0.0812899768,4.20545002e-05,30,1.61699998,1
167,298109100007231,170641824,2459460.9221450826,59460.4182407,19.3296967,0.0990650654,0,zg,32.9573247,-15.9719353,0.808000028,0.064000003,20210903418241,298,0x9,0x1,21.5699997,26.1948643,0.0447784401,-0.111601561,6.37783232e-05,30,1.61399996,3
168,298109100007231,170743773,2459461.941696169,59461.4377315,19.3676281,0.101805404,0,zg,32.9572911,-15.9719398,0.593999982,0.0399999991,20210904437720,298,0x9,0x1,21.5499992,26.1857414,0.0354210176,-0.0832524747,4.02412006e-05,30,1.56700003,3
169,298109100007231,170846214,2459462.9661652884,59462.4621412,19.256237,0.0939312652,0,zg,32.9573391,-15.9719167,0.957000017,0.115999997,20210905462141,298,0x9,0x1,21.4599991,26.182272,0.0354553536,-0.0711091235,3.98505872e-05,30,1.56200004,3
170,298109100007231,170942173,2459463.925814781,59463.4217361,19.2305412,0.0921896398,0,zg,32.9573777,-15.9718548,1.21000004,0.116999999,20210906421725,298,0x9,0x1,20.8500004,26.1414909,0.0434435681,-0.0507261157,6.69453439e-05,30,1.58399999,1
171,298109100007231,171139900,2459465.9031924726,59465.3990046,19.2947521,0.0965942889,0,zg,32.9572935,-15.971865,0.370999992,0.0500000007,20210908399005,298,0x9,0x1,21.2199993,26.0209255,0.0385852009,-0.0527496785,4.79669288e-05,30,1.63300002,1
172,298109100007231,171342118,2459467.925475418,59467.4211806,19.2782536,0.0954457745,0,zg,32.9573071,-15.9719291,1.78600001,0.293000013,20210910421181,298,0x9,0x1,21.4300003,26.084465,0.0385089219,-0.0669746771,4.7319023e-05,30,1.56700003,1
173,298109100007231,171737711,2459471.881607775,59471.3771181,19.2453556,0.0931903273,0,zg,32.9572025,-15.9718828,1.57500005,0.261999995,20210914377106,298,0x9,0x1,21.1299992,25.7452908,0.0400343388,-0.0517384224,5.63389949e-05,30,1.65400004,1
174,298109100007231,172037675,2459474.881383643,59474.3767593,19.1519356,0.0870366842,0,zg,32.9573122,-15.9719057,0.791000009,-0.0460000001,20210917376748,298,0x9,0x1,20.4799995,26.1434498,0.0369776897,-0.0456694663,5.46622759e-05,30,1.625,1
175,298109100007231,172246122,2459476.9659379874,59476.4612269,19.1505775,0.0869499817,0,zg,32.9573499,-15.9719465,1.01699996,0.157000005,20210919461227,298,0x9,0x1,20.3400002,26.1741714,0.0354924724,-0.044205416,6.01696811e-05,30,1.653,1
176,298109100007231,172435642,2459478.8612085795,59478.3564236,19.0870419,0.0829800069,0,zg,32.957354,-15.971858,0.560000002,-0.246999994,20210921356424,298,0x9,0x1,19.3799992,26.1888256,0.0393318087,-0.0560541525,0.000146249673,30,1.66100001,1
177,298109100007231,172637604,2459480.8809001385,59480.3760417,19.233387,0.0923811942,0,zg,32.9573491,-15.9717606,0.600000024,0.0270000007,20210923375856,298,0x9,0x1,19.6800003,26.1211758,0.0383806452,-0.0158766992,0.000106087638,30,1.58299994,1
178,298109100007231,173439443,2459488.89952713,59488.3944329,19.2864151,0.0960125253,0,zg,32.957249,-15.9719312,1.37300003,0.156000003,20211001394421,298,0x9,0x1,21.0599995,26.2064323,0.0352061018,-0.0774900243,4.22267949e-05,30,1.56599998,1
179,298109100007231,174740214,2459501.907417837,59501.4021412,19.3650665,0.101618417,0,zg,32.9573028,-15.9719188,1.35500002,0.193000004,20211014402118,298,0x9,0x1,21.3600006,26.1948643,0.0313081257,-0.0704747662,3.19291503e-05,30,1.69599998,1
180,298109100007231,174931879,2459503.824078218,59503.3187963,19.2114048,0.090911001,0,zg,32.9573729,-15.9718766,0.535000026,-0.0430000015,20211016318785,298,0x9,0x1,19.9899998,26.1710892,0.0398373045,-0.02000314,8.6457716e-05,30,1.57299995,1
181,298109100007231,175822140,2459512.7266336503,59512.2214005,19.057312,0.081180647,0,zg,32.9573228,-15.9718702,0.827000022,0.126000002,20211025221377,298,0x9,0x1,20.4400005,26.1318836,0.0387329496,-0.0318883359,6.51813389e-05,30,1.96099997,1
182,298109100007231,176427280,2459518.7779322607,59518.2728009,19.3269596,0.0988696814,0,zg,32.9572852,-15.9718968,1.66499996,0.238999993,20211031272766,298,0x9,0x1,21.7199993,26.2096653,0.0439083539,-0.0886543766,6.11392752e-05,30,1.58200002,1
183,298109100007231,176722991,2459521.734980508,59521.229919,19.3809109,0.102779366,0,zg,32.9573052,-15.9718738,1.29799998,0.129999995,20211103229919,298,0x9,0x1,21.1499996,26.1905956,0.0386714898,-0.0579697117,4.89493941e-05,30,1.70500004,1
184,298109100007231,176931528,2459523.8202938265,59523.3152894,19.3769932,0.102491289,0,zg,32.9572934,-15.9718842,1.42400002,0.225999996,20211105315278,298,0x9,0x1,21.7000008,26.2267323,0.0355496444,-0.0846804306,4.08230117e-05,30,1.59500003,1
185,298109100007231,177123039,2459525.735339827,59525.2303935,19.3966827,0.103945285,0,zg,32.9573051,-15.9719273,1.02100003,0.144999996,20211107230382,298,0x9,0x1,21.5499992,26.1963482,0.0392360836,-0.0693420991,4.95040185e-05,30,1.65199995,1
186,298109100007231,177323136,2459527.7362456345,59527.2313657,19.2543831,0.0938045979,32768,zg,32.9573405,-15.9719212,0.630999982,0.023,20211109231354,298,0x9,0x1,20.9099998,25.8601303,0.0527486689,-0.0638745576,9.88523025e-05,30,1.62699997,1
187,298109100007231,177821038,2459532.715071922,59532.2103819,19.1573486,0.0873831362,0,zg,32.9573628,-15.9718342,0.658999979,0.0450000018,20211114210370,298,0x9,0x1,20.1399994,26.1916008,0.0446431488,-0.0172420256,9.13053518e-05,30,1.65499997,1
188,298109100007231,178827827,2459542.7824791926,59542.2782755,19.4232788,0.105934791,0,zg,32.9574008,-15.9719856,0.518000007,0.0359999985,20211124278264,298,0x9,0x1,20.3899994,26.0691051,0.0373126268,-0.0416014679,6.42768864e-05,30,1.64199996,1
189,298109100007231,203946053,2459793.9620689466,59793.4605324,19.3392773,0.0997515097,0,zg,32.9573292,-15.9718975,0.809000015,0.111000001,20220802460521,298,0x9,0x1,21.3299999,26.0514202,0.040419139,-0.0718088746,5.29687204e-05,30,1.87300003,1
190,298109100007231,204443755,2459798.939505606,59798.4375579,19.2462769,0.0932528079,0,zg,32.9573349,-15.9719339,0.542999983,-0.0689999983,20220807437558,298,0x9,0x1,20.8899994,26.0239925,0.0424137041,-0.039543692,6.22888911e-05,30,1.96300006,1
191,298109100007231,204945929,2459803.961643819,59803.459294,19.3372078,0.0996029228,0,zg,32.9572633,-15.9717168,0.834999979,-0.147,20220812459190,298,0x9,0x1,19.9300003,26.111784,0.0459678061,-0.0274544749,0.000117412739,30,1.69400001,1
192,298109100007231,205447770,2459808.9804444774,59808.4777083,19.2292652,0.0921039209,0,zg,32.957338,-15.9719046,1.08200002,0.247999996,20220817477697,298,0x9,0x1,20.4799995,26.1367378,0.037858896,-0.0441324301,6.11558062e-05,30,1.58299994,1
193,298109100007231,205639774,2459810.9006223986,59810.3977431,19.0882034,0.0830511004,32768,zg,32.9573058,-15.9719799,1.04100001,-0.187999994,20220819397708,298,0x9,0x1,20.2199993,25.8406315,0.0476455055,-0.0266882032,0.00010671452,30,2.04399991,1
194,298109100007231,206145751,2459815.960754252,59815.4575116,19.1479378,0.0867816806,0,zg,32.9573147,-15.9719071,1.38399994,0.174999997,20220824457500,298,0x9,0x1,21.5300007,26.0840149,0.0364108421,-0.0844547898,4.1887808e-05,30,1.58500004,1
195,298109100007231,206344015,2459817.943529531,59817.4401505,18.8758698,0.0709855556,0,zg,32.9573179,-15.9718925,0.907999992,0.0450000018,20220826440150,298,0x9,0x1,21.0699997,26.019146,0.038970042,-0.0423686244,5.16061482e-05,30,1.61600006,1
196,298109100007231,206544028,2459819.943802344,59819.4402894,19.0310173,0.0796199143,0,zg,32.9573206,-15.9719127,1.37399995,0.167999998,20220828440289,298,0x9,0x1,21.2800007,26.1383438,0.047887601,-0.0687278584,7.50799154e-05,30,1.60000002,1
197,298109100007231,206844046,2459822.9441695195,59822.440463,19.0711021,0.0820106864,0,zg,32.9573643,-15.9719844,1.14300001,0.0890000015,20220831440451,298,0x9,0x1,20.6000004,26.134655,0.0412873663,-0.0170845073,6.65306725e-05,30,1.58099997,1
198,298109100007231,207041825,2459824.92208142,59824.4182523,19.2947521,0.0965942889,0,zg,32.9572825,-15.9719284,1.18700004,0.150999993,20220902418241,298,0x9,0x1,21.2800007,26.0620346,0.0423860066,-0.0794055387,5.78166946e-05,30,1.625,1
199,298109100007231,208631378,2459840.818438237,59840.3137847,19.1654282,0.0879025608,0,zg,32.9573771,-15.9718873,0.829999983,0.0469999984,20220918313426,298,0x9,0x1,20.8099995,26.0979767,0.0425090566,-0.0379611887,6.29150454e-05,30,2.06999993,1
200,298109100007231,208640770,2459840.912365838,59840.4077083,19.3313179,0.0991809443,0,zg,32.9573394,-15.9718862,1.11300004,0.114,20220918407708,298,0x9,0x1,21.1900005,26.2293358,0.0384428762,-0.0771738142,4.89650884e-05,30,1.55999994,1
201,298109100007231,208844203,2459842.9467773144,59842.442037,19.1535168,0.0871378034,0,zg,32.9573248,-15.9718727,1.05400002,-0.0430000015,20220920442025,298,0x9,0x1,20.8099995,26.2111416,0.0378217995,-0.0376735963,5.12327424e-05,30,1.59599996,1
202,298109100007231,209044490,2459844.949723816,59844.4449074,19.0973835,0.0836146697,0,zg,32.9573167,-15.9718863,1.597,0.180000007,20220922444907,298,0x9,0x1,21.1599998,26.2070427,0.0368052386,-0.0545235202,4.43378303e-05,30,1.62,1
203,298109100007231,209338339,2459847.8883093563,59847.3833912,19.2102375,0.0908334479,0,zg,32.9573263,-15.9719061,1.329,0.196999997,20220925383391,298,0x9,0x1,21.0799999,26.2043228,0.0365299098,-0.0510063432,4.45616279e-05,30,1.56400001,1
204,298109100007231,209544987,2459849.9548551803,59849.4498727,19.2056274,0.0905279666,0,zg,32.9573409,-15.9719293,0.782000005,-0.00400000019,20220927449664,298,0x9,0x1,21.3099995,26.187561,0.0355086997,-0.070667237,3.99533492e-05,30,1.699,1
205,298109100007231,209746687,2459851.9719144125,59851.466875,19.2126389,0.0909929574,0,zg,32.9573062,-15.9719103,1.31799996,0.203999996,20220929466863,298,0x9,0x1,21.3099995,26.0844841,0.0335157439,-0.051027935,3.5913552e-05,30,1.84899998,1
206,298109100007231,210439870,2459858.90389382,59858.3987037,19.2696018,0.0948481932,0,zg,32.9573226,-15.971952,1.05700004,0.104000002,20221006398692,298,0x9,0x1,20.5499992,26.1477737,0.0368767753,-0.00581301609,5.70380871e-05,30,1.597,1
207,298109100007231,210633532,2459860.8405436766,59860.3353241,19.2111378,0.0908932686,0,zg,32.9574187,-15.9719219,0.388000011,0.0280000009,20221008335312,298,0x9,0x1,19.8299999,26.1561012,0.0431816503,-0.0362707116,0.000115309442,30,1.58299994,1
208,298109100007231,210838021,2459862.885464536,59862.3802199,19.2097931,0.0908040181,0,zg,32.9573433,-15.9718102,0.833000004,-0.200000003,20221010380220,298,0x9,0x1,19.4099998,26.1898975,0.0462793708,-0.000381261139,0.000185731071,30,1.58000004,1
209,298109100007231,211231469,2459866.8199742744,59866.3146991,19.1857185,0.0892190859,0,zg,32.9573136,-15.971761,0.412,0.0829999968,20221014314688,298,0x9,0x1,20.4599991,26.1575413,0.0332073681,-0.0397343747,4.69175066e-05,30,1.59300005,1
210,298109100007231,211538105,2459869.8863359187,59869.3810532,19.2888947,0.0961852595,0,zg,32.9573505,-15.9718644,0.764999986,0.143000007,20221017380891,298,0x9,0x1,20.25,26.161026,0.0425259955,-0.0202892479,7.37080118e-05,30,1.63499999,1
211,298109100007231,211735804,2459871.863323989,59871.358044,19.0248032,0.0792552382,0,zg,32.9572575,-15.9718103,0.842000008,0.107000001,20221019358032,298,0x9,0x1,20.2700005,26.199749,0.0428425334,-0.0335749686,8.48942509e-05,30,1.58500004,1
212,298109100007231,211935535,2459873.86062994,59873.3553588,19.1550255,0.0872342885,32768,zg,32.9572744,-15.9719159,1.02900004,0.0909999982,20221021355359,298,0x9,0x1,20.9599991,25.7726402,0.111831486,-0.0419471525,0.000452542474,30,1.59099996,1
213,298109100007231,212435758,2459878.86280314,59878.357581,19.1317024,0.0857527778,0,zg,32.95738,-15.9717472,0.925999999,0.0700000003,20221026357581,298,0x9,0x1,20.5599995,26.1920643,0.040939115,-0.0391227789,6.72452516e-05,30,1.63999999,1
214,298109100007231,212625396,2459880.7591634323,59880.2539699,19.3296318,0.0990604684,0,zg,32.9573922,-15.9719268,1.16900003,0.208000004,20221028253958,298,0x9,0x1,21.2900009,26.1665688,0.0308903325,-0.0417872146,3.11053918e-05,30,1.671,1
215,298109100007231,212821525,2459882.7204127973,59882.2152546,19.3088284,0.0975833163,0,zg,32.9573336,-15.9719074,1.37600005,0.266000003,20221030215243,298,0x9,0x1,20.8400002,26.0995598,0.0367783234,-0.0411122106,4.97018264e-05,30,1.89300001,1
216,298109100007231,213325295,2459887.757992472,59887.2529514,19.1826324,0.0890177712,0,zg,32.9573587,-15.9718984,0.768000007,0.115000002,20221104252940,298,0x9,0x1,19.7299995,26.1780777,0.0431634858,-0.0232979301,0.000134266113,30,1.60399997,1
217,298109100007231,214033747,2459894.8422903856,59894.3374769,18.4842167,0.0532394201,0,zg,32.9574247,-15.9720141,0.73299998,0.126000002,20221111337477,298,0x9,0x1,18.6700001,26.1912899,0.0471445695,-0.0324905328,0.000425473147,30,1.75999999,1
218,298109100007231,214223008,2459896.7348215966,59896.230081,19.1349926,0.0859603733,0,zg,32.9574101,-15.9719416,1.171,0.0799999982,20221113229792,298,0x9,0x1,20.5,26.1741123,0.0406074151,-0.0341334157,6.80124722e-05,30,1.60000002,1
219,298109100007231,214421096,2459898.7156195487,59898.2109606,19.0565891,0.081137374,0,zg,32.9573342,-15.9719097,0.925000012,0.0579999983,20221115210961,298,0x9,0x1,20.9599991,26.1882915,0.0372700989,-0.0504815467,4.85699493e-05,30,1.64499998,1
220,298109100007231,214829410,2459902.798582563,59902.2941088,18.9321823,0.0740074068,0,zg,32.9573835,-15.9719838,1.49300003,0.577000022,20221119294109,298,0x9,0x1,19.8500004,26.1740837,0.0448284112,-0.021925455,0.000118687538,30,1.648,1
221,298109100007231,215027376,2459904.778137584,59904.2737616,19.1423035,0.0864233077,0,zg,32.9574378,-15.9719038,1.19200003,0.160999998,20221121273750,298,0x9,0x1,20.5699997,26.056612,0.042245537,-0.0403493382,7.04870108e-05,30,1.59899998,1
222,298109100007231,215220916,2459906.713442156,59906.2091667,19.0588875,0.0812751055,0,zg,32.9573256,-15.9718703,0.49000001,0.0260000005,20221123209167,298,0x9,0x1,21.1000004,26.2056046,0.0354458988,-0.0492839329,4.15878785e-05,30,1.58500004,1
223,298109100007231,215622555,2459910.729607436,59910.2255556,19.1870651,0.0893071145,0,zg,32.9572016,-15.9719557,1.36300004,0.0419999994,20221127225544,298,0x9,0x1,20.8899994,26.2326946,0.0408991463,-0.0716416612,5.90674208e-05,30,1.55700004,1
224,298109100007231,216814946,2459922.6527470443,59922.1494676,19.1248016,0.0853189081,0,zg,32.9572176,-15.9719209,0.921000004,0.00499999989,20221209149456,298,0x9,0x1,20.0499992,26.178772,0.0375153199,-0.0212602224,8.07256874e-05,30,1.63,1
225,298109100007231,216921196,2459923.7151711206,59923.2119676,19.0911922,0.083234176,0,zg,32.9572006,-15.9719471,0.381999999,-0.075000003,20221210211956,298,0x9,0x1,20.2099991,26.1991692,0.0379202366,-0.0163440108,6.88429573e-05,30,1.57700002,1
226,298109100007231,217814596,2459932.6484863134,59932.1459606,19.2154274,0.0911784619,0,zg,32.9573284,-15.9719369,1.70899999,0.224000007,20221219145961,298,0x9,0x1,21.4500008,26.1971054,0.0299410131,-0.0609927513,2.84489051e-05,30,1.57099998,1
227,298109100007231,218019416,2459934.6965281093,59934.1941667,19.3115578,0.0977760926,0,zg,32.9572957,-15.9718694,1.07799995,0.128999993,20221221194167,298,0x9,0x1,21.0699997,26.1892376,0.036595989,-0.0482434481,4.36766313e-05,30,1.60500002,1
228,298109100007231,240846282,2460162.9646707587,60162.4628241,19.131403,0.0857339203,0,zg,32.9573302,-15.9719111,1.21500003,0.291999996,20230806462789,298,0x9,0x1,20.3099995,26.158144,0.0361338966,-0.0239666179,5.94695484e-05,30,1.77499998,1
229,298109100007231,241443769,2460168.940024626,60168.4376968,19.300148,0.0969724804,0,zg,32.9572598,-15.9718859,1.755,0.263000011,20230812437685,298,0x9,0x1,21.3199997,26.1344452,0.0337651595,-0.0453267694,3.68113651e-05,30,1.84000003,1
230,298109100007231,242043770,2460174.9404974054,60174.4377083,19.0638542,0.0815734342,0,zg,32.9573167,-15.9718982,0.694999993,-0.00899999961,20230818437697,298,0x9,0x1,20.8799992,26.1612015,0.0386517234,-0.0442881323,5.11927683e-05,30,1.72599995,1
231,298109100007231,242943932,2460183.9427576903,60183.4393287,19.2259808,0.0918835402,0,zg,32.9573278,-15.9719068,1.34899998,0.229000002,20230827439317,298,0x9,0x1,21.3500004,26.2077904,0.0317241848,-0.0494191162,3.22547166e-05,30,1.61199999,1
232,298109100007231,243144173,2460185.945297612,60185.4417361,19.1309967,0.0857083052,0,zg,32.9574244,-15.9720269,0.926999986,0.197999999,20230829441725,298,0x9,0x1,20.1499996,26.1928692,0.0445719138,-0.00530427508,9.02424217e-05,30,1.59099996,1
233,298109100007231,243837684,2460192.8808298525,60192.3768403,19.2037449,0.0904034972,0,zg,32.9573387,-15.9719187,0.833000004,0.135000005,20230905376840,298,0x9,0x1,20.7800007,26.1305885,0.0375991277,-0.0341883637,5.21076581e-05,30,1.80400002,1
234,298109100007231,244139842,2460195.902585875,60195.3984259,19.2149506,0.091146715,0,zg,32.9573445,-15.9719329,0.984000027,0.119999997,20230908398426,298,0x9,0x1,20.7900009,26.0339432,0.0372427404,-0.00763096102,5.14042076e-05,30,1.63999999,1
235,298109100007231,244435912,2460198.8634371534,60198.3591204,19.008049,0.0782799423,0,zg,32.9572798,-15.9719695,0.481000006,-0.0289999992,20230911359109,298,0x9,0x1,20.6200008,26.1039867,0.0417499766,-0.0220117569,6.61177983e-05,30,1.81400001,1
236,298109100007231,245133662,2460205.8412641967,60205.3366204,19.1821251,0.0889846683,0,zg,32.9573005,-15.9719003,1.44299996,-0.0320000015,20230918336609,298,0x9,0x1,21.2700005,26.1049709,0.0390843153,-0.0537333675,4.99136986e-05,30,1.84099996,1
237,298109100007231,245340912,2460207.913849297,60207.4091204,19.1280193,0.0855209753,0,zg,32.957287,-15.9718762,1.60699999,0.223000005,20230920409120,298,0x9,0x1,21.6000004,26.2312984,0.0346744433,-0.0886596739,3.8317623e-05,30,1.55700004,1
238,298109100007231,245738277,2460211.88765366,60211.3827778,18.9540482,0.0752148479,0,zg,32.9573229,-15.9718856,1.25,0.125,20230924382766,298,0x9,0x1,21.3799992,26.2113361,0.0330748782,-0.0643413812,3.45686676e-05,30,1.56900001,1
239,298109100007231,245939612,2460213.9010647554,60213.3961227,19.3087082,0.0975748971,0,zg,32.9574053,-15.9719432,1.08200002,0.213,20230926396111,298,0x9,0x1,20.3099995,26.2217274,0.0434641019,-0.0407242142,8.07347969e-05,30,1.55700004,1
240,298109100007231,246146274,2460215.9677472087,60215.4627431,19.1742668,0.0884739012,0,zg,32.9573596,-15.9719954,0.236000001,0.111000001,20230928462743,298,0x9,0x1,19.9200001,26.1819935,0.0468267947,-0.0190335121,0.000128178479,30,1.78999996,1
241,298109100007231,246343969,2460217.94475695,60217.4396991,18.8258686,0.0684068128,0,zg,32.9574714,-15.9717977,0.326000005,-0.0179999992,20230930439688,298,0x9,0x1,18.9799995,26.1912708,0.0416941307,-0.037762668,0.000256165047,30,1.68499994,1
242,298109100007231,246933842,2460223.8436106066,60223.3384259,19.1326218,0.0858108029,0,zg,32.9573649,-15.9718652,0.757000029,0.0790000036,20231006338414,298,0x9,0x1,20.7000008,26.1921711,0.0384174138,-0.0549961478,5.70507254e-05,30,1.59000003,1
243,298109100007231,247439663,2460228.901884418,60228.3966319,19.1308403,0.085698463,0,zg,32.9573381,-15.9718966,1.02699995,0.0930000022,20231011396586,298,0x9,0x1,21.1800003,26.2242985,0.0386852846,-0.0842925608,4.81088355e-05,30,1.63,1
244,298109100007231,247738120,2460231.8864780986,60231.3812037,19.229002,0.0920862183,0,zg,32.9572946,-15.9718671,0.643999994,-0.0260000005,20231014381204,298,0x9,0x1,21.1900005,26.1838799,0.0366431363,-0.0450963341,4.45936057e-05,30,1.60699999,1
245,298109100007231,247936244,2460233.8677235115,60233.3624421,19.134716,0.0859429091,0,zg,32.95732,-15.9718977,1.04100001,0.0759999976,20231016362431,298,0x9,0x1,21.2800007,26.2112541,0.0303698406,-0.0623852685,2.95109367e-05,30,1.57599998,1
246,298109100007231,248134934,2460235.8546227016,60235.3493403,19.3163795,0.0981173962,0,zg,32.9573753,-15.9719399,1.37600005,0.152999997,20231018349340,298,0x9,0x1,21.5200005,26.2178802,0.0398635752,-0.0808446407,4.89909253e-05,30,1.56500006,1
247,298109100007231,248327297,2460237.7782520824,60237.2729745,19.0844765,0.0828232765,0,zg,32.9573041,-15.9718702,0.537999988,0.057,20231020272975,298,0x9,0x1,20.8600006,26.1137009,0.039329309,-0.0422044098,5.71793244e-05,30,1.68700004,1
248,298109100007231,248835800,2460242.86324694,60242.3580093,18.9242744,0.0735754073,0,zg,32.9573226,-15.9719078,0.675999999,0.00300000003,20231025357998,298,0x9,0x1,20.1800003,26.1802654,0.0407783389,-0.0206066445,8.63800524e-05,30,1.62899995,1
249,298109100007231,249130376,2460245.8089581383,60245.3037616,18.8456173,0.0694137663,0,zg,32.9573626,-15.9718717,0.582000017,-0.217999995,20231028303738,298,0x9,0x1,19.2299995,26.2270241,0.0436861813,-0.0520347357,0.000215025007,30,1.55799997,1
250,298109100007231,249530362,2460249.808742524,60249.3036227,19.1707191,0.088244155,0,zg,32.9572729,-15.9718719,0.730000019,0.199000001,20231101303611,298,0x9,0x1,19.9799995,26.005249,0.0468492731,-0.0245912764,0.000126154031,30,1.55900002,1
251,298109100007231,249721379,2460251.718871023,60251.2137963,18.9818268,0.0767767727,0,zg,32.9573395,-15.9718782,0.414999992,0.00700000022,20231103213796,298,0x9,0x1,20.6100006,26.1440887,0.0371742062,-0.0175378378,5.39591092e-05,30,1.81900001,1
252,298109100007231,249923641,2460253.7414331087,60253.236412,19.189806,0.0894864425,0,zg,32.9572832,-15.9719174,0.924000025,0.133000001,20231105236412,298,0x9,0x1,20.9899998,26.1806202,0.0410170034,-0.0356577337,5.61866582e-05,30,1.65499997,1
253,298109100007231,250335472,2460257.85961554,60257.3547222,18.9859467,0.0770110786,0,zg,32.9572288,-15.9718732,0.381000012,0.050999999,20231109354711,298,0x9,0x1,20.2399998,26.1551857,0.0393382981,-0.0403023586,7.11319808e-05,30,1.84200001,1
254,298109100007231,250520630,2460259.7111357893,60259.2063079,19.1638298,0.087799564,0,zg,32.9573204,-15.9718697,0.90200001,0.0719999969,20231111205799,298,0x9,0x1,20.9099998,26.1501732,0.0361849964,-0.047581315,4.86715217e-05,30,1.722,1
255,298109100007231,250729461,2460261.799366323,60261.2946181,19.0919399,0.0832800195,0,zg,32.9573019,-15.971852,1.13900006,0.178000003,20231113294618,298,0x9,0x1,21.1000004,26.1958694,0.0312881544,-0.0499330349,3.33480421e-05,30,1.59399998,1
256,298109100007231,253319025,2460287.693549291,60287.1902546,19.0729675,0.0821235925,0,zg,32.9572287,-15.9718329,0.978999972,0.0460000001,20231209190243,298,0x9,0x1,20.4599991,26.2027302,0.0414986052,-0.0335174985,7.11227913e-05,30,1.55700004,1
257,298109100007231,253624519,2460290.74827077,60290.2451968,19.1077576,0.08425574,0,zg,32.9572997,-15.9718768,0.647000015,0.0270000007,20231212245197,298,0x9,0x1,21.25,26.2178116,0.0351146162,-0.0732816681,4.05334285e-05,30,1.71000004,1
258,298109100007231,254114310,2460295.645804707,60295.1431019,19.1896973,0.0894793496,32768,zg,32.9573561,-15.971783,1.16100001,-0.104000002,20231217143102,298,0x9,0x1,19.8700008,25.4671936,0.043664746,-0.0432956703,0.000131386667,30,1.58700001,1
259,298109100007231,255315843,2460307.6601564973,60307.1584375,19.1127892,0.0845683143,32768,zg,32.9573115,-15.9718929,0.686999977,0.0250000004,20231229158438,298,0x9,0x1,20.6499996,26.2297668,0.0384233594,-0.062962018,5.91363605e-05,30,1.57299995,1
260,298109100007231,256011562,2460314.616739864,60314.115625,19.1746197,0.0884967819,0,zg,32.9573348,-15.9717627,0.69599998,0.0160000008,20240105115625,298,0x9,0x1,20.8799992,26.1950054,0.0405785404,-0.0436592437,5.93304139e-05,30,1.55799997,1
261,298109100007231,256212814,2460316.629085089,60316.1281481,19.0548534,0.0810335279,32768,zg,32.9573517,-15.9718534,0.758000016,0.140000001,20240107128148,298,0x9,0x1,20.0599995,25.5465145,0.0559598096,-0.0471850447,0.000177931623,30,1.56500006,1
262,298109100007231,256920521,2460323.705525084,60323.2052199,18.7464066,0.064505443,32768,zg,32.9574199,-15.9716939,0.958999991,0.0769999996,20240114205208,298,0x9,0x1,19.5400009,25.862257,0.0502843633,-0.0284565911,0.000233251863,30,2.19300008,1
263,298109100007231,257119548,2460325.6956128166,60325.1954861,19.0491295,0.0806918815,32768,zg,32.9573202,-15.9720135,0.312999994,-0.023,20240116195475,298,0x9,0x1,20.3700008,26.1248856,0.0421149619,-0.0339964628,7.79275069e-05,30,2.13000011,1
264,298109100007231,257314564,2460327.6456000567,60327.1456481,18.9529686,0.0751548186,0,zg,32.9570667,-15.9718979,1.30700004,0.057,20240118145637,298,0x9,0x1,19.8799992,26.2021122,0.0467976183,-0.035202276,0.00014024986,30,1.71800005,1
265,298109100007231,258714424,2460341.6429656385,60341.1442477,18.8608513,0.0702008009,0,zg,32.9572861,-15.9718372,1.12300003,-0.00400000019,20240201144248,298,0x9,0x1,20.2199993,26.1472778,0.0409373678,-0.0292458925,8.71935626e-05,30,2.0309999,1
